{"cameraMode":{"drawMode":0,"name":"Shaded","section":"Shading Mode"},"sceneLighting":true,"audioPlay":false,"sceneViewState":{"m_AlwaysRefresh":false,"showFog":true,"showSkybox":true,"showFlares":true,"showImageEffects":true,"showParticleSystems":true,"showVisualEffectGraphs":true,"m_FxEnabled":true},"in2DMode":false,"pivot":{"x":-5.395205020904541,"y":2.3648226261138918,"z":9.086255073547364},"rotation":{"x":0.006586245261132717,"y":0.9408192038536072,"z":-0.3384336829185486,"w":0.018338054418563844},"size":2.4320361614227297,"orthographic":false}